name,address,type,gauges,bribe_ca,fee_ca
vAMM-CHR/USDC,0x20585BFBC272A9D58ad17582BCdA9A5A57271d6A,vAMM,0x3d34022f552362a25A529EC6AF7B9cb226b9C22D,0x5DCACD68A636A2EC705bF43de8eea90F6eeADab3,0xfd3833de38ea00246edA9c77A0198F9Fc13EDE6B
vAMM-CHR/WETH,0xE478af0A1e3cCB4aFce648A9360c7ab730cd2E81,vAMM,0x52810c48997f96e51b993Bec73C02E29364Fe413,0xC9FB9Dab0ff1532b99FC8bE50b157A7cdF99BeD6,0x5ffeF338F21d9620725123b76bD7D3d33E42baBb
vAMM-WETH/USDC,0xA2F1C1B52E1b7223825552343297Dc68a29ABecC,vAMM,0xdb74aE9C3d1b96326BDAb8E1da9c5e98281d576e,0x57dA9f34A5e3baA83d36eC3889d973a592bB5aE4,0xFBE42b3f4Eab340A78D0a53Df1ab9DbbC6E1849C
sAMM-USDT/USDC,0xC9445A9AFe8E48c71459aEdf956eD950e983eC5A,sAMM,0x026acD3425132870986561b7e3f2f15f5920E119,0xb3E98582B7339731D9e7C4451C884c8156B55179,0xc9D4DA34416Eba40C7E1F2D340d88B59DaE1887b
vAMM-USDT/USDC,0x3bEe546EFd79B2057145f3775C5f359539E71Da2,vAMM,0xF3F934A868C2C51C83833c62c0455Cb5aaE444E2,0x57136c449b12E36a5Ce24843b88fE6524ECfEf3d,0x9754F651E717655B58d04fD0b81adc45A8F62b02
sAMM-CHR/USDC,0xD284707D48B2C020C5A438c81966a71D787F0575,sAMM,0x404A762533aFd7752a8219687C010dADe8d96B57,0x5Eb54Bc4C3728DaD05e4bc8D662d2923Bf15FdB6,0xBc5DaFdca5085319F81aA7cb8b90f27d76C6272f
sAMM-WETH/USDC,0x312702D569Fb1b90D79d7eE06584c6FEb9126588,sAMM,0x1cFEbD8394615DF6252404024D43f7A38df8e05c,0xe32c0f2F1778CD8ac4fCAB7A0c4396F2d58B59Aa,0x3373a60bDe2052F9A72368D0cc06Eef27EE9d836
vAMM-CHR/USDT,0x56cD460626d5268d7ee19c076af7bc64f47D834b,vAMM,0x27FCa34847AcF212d27B356216D4846dF05155e9,0x0fb81A4b311be3b1ce5496D467ff73ee8a4D99f2,0xc42b3120D5F1f3d685F4B441a671ADDC6407069A
sAMM-CHR/USDT,0xdbf8140f66cbde5463938D2503150106C9Ac3068,sAMM,0xaD7962363a42268A0fd374ec464F2e3CFE2412bd,0xE2efFa1F2fE55704A287c82e027a920E4AbbEc30,0xCf8eC65470043e7c891eFf4bCc539146aaF0e80E
vAMM-fUSDC/WETH,0x0176416BDc885b1Bb751B0A014D495760a972A73,vAMM,0x7a344909f19283c98559E79B1dAe70004c42F1Af,0x64925801c106DaA6B8c911c3F15c71331C8DFCDf,0x7d6d64d11c1F7242328cFD924f7bC80C3D81a844
sAMM-fUSDC/USDC,0x62030690385A481Ab0c6039fEA75AC6658B7b961,sAMM,0x3399418c09b38be35227532ef53Cc4794A11Bf65,0xFe08B18C50AcC0Eb0de28fE2D4118A6aF5d8870E,0xbd42E2029CBe9100999d9d5df26E9B31a4344490
sAMM-CHR/WETH,0x3cdE2D4Fe043EC1fD764Fb9E3463BBaB68f27A28,sAMM,0xc6796B9B393fAFC8db42E8D0dD5818c06F9Be419,0xC79C5099D8018463eD7e969Dd3a105Cd7591618f,0xBa16b7bac327F5Da651791014D8529F55349E211
vAMM-DAI/USDT,0x9ba197D55d088D9c9ffE7aef53FbE50Ca5bD7645,vAMM,0xC94aD3D718881fCF3754b0C74631897F9712e75e,0x0ee72c19119d031570dcF40fD769f44ba1eaCF4C,0x48FD3A115bFef15f3E7fDC8cA086e65e62f1c75F
sAMM-USD+/DAI+,0xB260163158311596Ea88a700C5a30f101D072326,sAMM,0xCD4A56221175b88d4fb28CA2138d670Cc1197CA9,0xbCbfB90786BC1472e80C5f5a9D4059E79082eE18,0x3f54BD6Fd94F557526ab1fEEfdB170760d3DF1a1
sAMM-LUSD/USD+,0xcd78e225E36E724c9FB4Bd8287296557D728cda7,sAMM,0x7de0998eE1Fce80c160AD1F5Fe768BFF9b0ee87f,0x4A9D9CF5104aCfd7dbF843e2dd483C70f4F71c30,0x50DE868291fD9F920a95206746C0168AC955e9d0
sAMM-FRAX/USD+,0x0D20EF7033b73Ea0c9c320304B05da82E2C14E33,sAMM,0xaF618E6F5EF781e3aCFe00708BD005E0cc9A2e6F,0x4a0f9C433B33173937011dc57e6856D366a6B94E,0xb02B59d16912227d300C86cD8cB00b4478cE1686
sAMM-DOLA/USD+,0xBbD7fF1728963A5Eb582d26ea90290F84E89bd66,sAMM,0x3004F018B2C01d40D19C7dC4a5a0AFA8743a7e24,0x180d5B46dA03393F966BC8c0778B4dcC141B0e76,0xf2C6c2555a1b2b5E2114874A63555Ec15A0D3cd2
vAMM-WETH/OATH,0x74d777e93E04933f32a1e96E6bebEAd8FeaC5cc2,vAMM,0x1B4ec2Ba8A788227730271349278FDde4ECd41A7,0x21708796ae4B43610aE9732ADC9e8794099F4766,0xB4974839C907573e79b134b92DC780bd26d352a0
vAMM-FRAX/USD+,0x0df5f52afa0308fdd65423234C4fdA9adD0B9EbA,vAMM,0xF319285fa8b5323A40c71D3c006dBd0BE4f5171b,0x5C01a951284448F16F5CF0FC6bBC46Ee81d48BF2,0x70e2194B1a4A6A3ef6F100DBC5f53C22B1a1Bc3B
vAMM-WETH/ARB,0xafE909b1A5ed90d36f9eE1490fCB855645C00EB3,vAMM,0x2497Ec308CA75201B6f59F6970f33F9aEb63BA6c,0x306b41A8b9d18365581C03b011cD2c07C83D64E0,0x3f3623D458B42d4D3Cb39220C97F023d69680558
sAMM-WETH/ARB,0xD7606fd134b779f769566194B047B54F47d6eb56,sAMM,0x429E78684833aEd4000ccF1ff27DDC019200d8Df,0xE6e68C3905Bbef637882473FE4595aac93e44133,0x059f9Acf05c70377623f621FfA86cAF1cD45F8e5
sAMM-WETH/USDT,0xd8dC6387975ef96dF4248ef95f44174b2402a960,sAMM,0xA9F049D042a7bCa6EA4008C7DF638Fa5c8446113,0xE75e6A37897D0a801b5093Cf77FFdad82969b373,0x040Db4E35c47820ac5788240fa1E0BC1C77aFcBc
vAMM-WETH/USDT,0x8a263Cc1DfDCe6c64e2A1cf6133c22eED5D4E29d,vAMM,0xC4c063941Ba3b130f99769AB7e801ACB7b09E29F,0x1A320931a8FeFca767a57A4821c9102F018d05Eb,0xD3e7552A1B012cD931157AdF88BBEC62941bA94F
sAMM-DEI/USDC,0x7DC406b9B904a52D10E19E848521BbA2dE74888b,sAMM,0x2EAf4CFcc46Ec1ab0a62b2881a5Bdd50E10229a5,0x431c72b16A25183599a33aeE9027b58bE4474a75,0x42b2a9A5F41275378abAB68a352f138ecCeB9788
vAMM-IBEX/USDC,0xeee5FBcFF2f22b351D0A693ED62C515C01ef3EcA,vAMM,0x1f7e68c50D9e71f682CF56E10faD95260f033c16,0x2BeD4814457Ff26d15D4306052814C6Cf76aa0E6,0xaF072B91CD91C5C574aefde1C58eBCBD43eDFa52
vAMM-IBEX/WETH,0xd306c21Da241fB0eE03C658Ceaa75daa8fE78658,vAMM,0xE71257F375406B44b811C811C8A9905A35BAb89C,0x9CE6d67c560eeB37bC07561415D89721738160f3,0x985962D083bC071908fC5249e88A44CEB77D49a6
vAMM-RDNT/WETH,0x9aC09266B68a8Fea081C232e54fA31526E740570,vAMM,0x827d31D1Feb229999952995d7993Ec46b4c68006,0x243704fbD23CB0834b6B2aE1B90212E34bA099d7,0x47c8838FAE17987d70A75dc84b3653196e24e19B
vAMM-TAROT/USDC,0x33633B88782A4dD0B46349e3F60a71690Ae9E0b5,vAMM,0xc9362aB98975Bbe520366C7a21f198D24dEFa9d8,0xAB9ea6661F687b4408dCD73Dc6a4C59f173Cf412,0xBBECF58871C4c58b2d87F9D39A7aa106Ed4Dd3b8
vAMM-fBOMB/WETH,0xd36b843E8Efced2CbCab007B5efdcb01891DF331,vAMM,0x1fDC1BbdAA2604921f9e8D64D3aA57FCd364D1cC,0x344aa3faBFC2cAAE1beEFe85e1860b44D148aC7D,0x7Ed85D30DB8b0d56b451375Ec828c35E5b817D09
vAMM-LDO/GRT,0x9322CC6471527158E089e8F50a799eA9A7072F7E,vAMM,0x4d4aF2Eac968A8EAC44Cb7De1C5b1Cf3C8c576D8,0x1092394890e957Fe80F11Ad9f0313F1d10f0Dea5,0x2E686ae5A98Bdf967A687088785716643D56910d
vAMM-WBTC/WETH,0x5b69430721B580bB502af14d07001aC5de10aC6a,vAMM,0x9B27ef426e6618E32Ddd68628F939F620649bD9A,0xA588d7873b43eDD1568630597C833CbE292476b8,0xBCCC70dCf65395CE61B6F636f128743787641DBd
vAMM-ARB/USDC,0xd302119B5C46d504D0b3534312e56eC321976251,vAMM,0x559102b8CfbE64551177A9BE1e5E754a73C2BEE8,0xB5AD706a3B2C2CeF4A9d5EbF8272344b7665eBA0,0x6177044ceeB717d731fc3521c3860522Fd9a1Ebf
vAMM-CHR/fBOMB,0x395533D4De1981D57261a2145f526c94c211fd10,vAMM,0xc9bF7be0C050755cCABf138526c5cAC3E92A024c,0x78AE2997Cc02fCFaAb0Ef9547993D391FEb01CC1,0x0d502727C7C0c4b5a04fa1A6C1ca29843E3260e6
vAMM-xSHRAP/WETH,0x100453B34BEf6Dc553609b409f5e311C1b378b3A,vAMM,0xa7B53712796f0b7e6949845E71d1Ecd529AFEFf8,0xc200ba7fa57a3A4904a9FBd225CAb57B08D6e662,0xC4306b7015431dE81E56D7b4ef9C1899880c0939
vAMM-TAROT/WETH,0x55657b330676b722a1895B7C41f49A2175a2a82d,vAMM,0x49730C5f15BcaF303aa3169b258920aC210c4c24,0x7c8391A743512cD49DB96586Bd8A4f18d12AE758,0xF6B6a69c7C37B850f441444ad7D728060B44Fe99
vAMM-WETH/LUSD,0xc5b7AcC5Dc13679eb180702a1C40df1664b3078B,vAMM,0xE1b5E0394E2eED6685438e9aBafa8febA6E6122A,0x46C2B567C3Dedf7dBd7108B1C1c759bf8FD2e1e0,0x20fAF5eB1B043af27770FB7aB317BC24277a4068
vAMM-GRAIN/WETH,0x94bC3D5Dd121d6fBc07aD18BB2CC50c3B337C599,vAMM,0xC9C992cFef28952Bbe2E7de94040C822d4abdf0D,0xC7c7406AE61A25108e67240859BAAe0E8bFCB544,0x1c7A8D6e0C0caeA603d8d465fb0f7cdbbB5b4457
vAMM-WETH/ARKEN,0x498D4C5910f8384a4d8F200D0339016Ea1EBaB32,vAMM,0xFAaFB10BBF133E8a545F41372D0b1F32470755f4,0x83aFa37bf1da990e5E04889e108DEb00f52bbaC6,0x9Dc52A6f83729c69eb403dF1CFbb2FF8c43cF2b1
vAMM-WETH/IDIA OLD,0x579E22665454367DdD2EF6C1A7fBb6873f465c10,vAMM,0xd4Fa562336452e92d9a911eD49A19763B5B513a5,0x875aDB4656922373F74a38d83Dd6673bbFc4aD8D,0xb0C86f947da0d4Af96Eb9dF3541774187de099aC
vAMM-IDIA/USDC OLD,0x0236fE5972565FA8C4a9f3911DC943Fdf4045714,vAMM,0xDdEfF52742072FaDFAC256292C7aaBa31A2E286E,0x169e25A2B20c4beFA2e05cf3EFC17b3d25EF89B6,0xe704898Ee129510D1828C8A7dF414AAB9610aCf2
vAMM-FCTR/WETH,0x149A0C7B1B0a9F844466BD9283F9c78D788B453d,vAMM,0x1FacC9F9ACfD0a6fC86C60BbfC247b30BAa6A740,0x45CE07e87df3004D0A9881a8251349e2b2f9F24a,0xd7e3D0004dDDF3b01ecBF6999b466bE30cb13B00
vAMM-Y2K/WETH,0xdB58bA3B74CBBa91E80F8329Ff9A5b19036EC3dF,vAMM,0x31A3C0e8ca59032B2171fc43B2C08d06c316FE43,0xfe09090E3a74a9853C0F8874f1a2D04045D584ec,0xf7e84f501A756B6231032009A4843f2Ad853C8Ec
vAMM-Y2K/ARB,0xA3Cb02cF2306341b6F4734A1B62F4e7D1Ea425E0,vAMM,0xf6FD20D4380ab3B426263B14562bC1DB24e984D4,0x5E0b37D75FbB66727a202f71F7CAb78489f30835,0x6811cb0810dE38a37b878C25a338a4F408435Dc2
vAMM-POI$ON/USDC,0xC10eF6416f8101802ce3FfCf5C2995d1044a40B6,vAMM,0x79605237E2A3e96eBa69cC00D4d7f5B347FcBcE7,0xA807cFF0Ac399FA3134b3D53687711c86Effaad0,0x99D5C9C6B343b789C0eDd968D5B1a10d21A1060A
vAMM-gmdUSDC/GMD,0x32BB571772722153638786e9F5289667a973dccD,vAMM,0x201d33673CC18Aafc18C9eef0DfDaa8c46562bf7,0x6CF2283BB95783f5B3f8bee31aBF4C72238C6C5a,0x7Ce65558b1C41Ad45aBff061f655258988fCdEAb
vAMM-ACS/WETH,0xaCBe2F5459C66317D85E5E9d77e37dC957E2Ef67,vAMM,0x4d91929fd8b0d393be137278AF59267e8FbF6BA8,0xeAE9a80380c0C7e7f6C6Ab67B37f74Bb6A8BB9A6,0xa8235A7A7890103FD1C9cd0986f2966C661cB166
vAMM-WETH/DEUS,0xAa02446c845859Fc0D967f62964A703EdDA160c2,vAMM,0xB387498187DaEee6C5b006aBCbC7a8B898D367f5,0x0cF9Ce01b99A62B1c2AE7A79370aF5f8518dfa9d,0x8EFd0bBB59eDad419894311901602C032622179B
vAMM-WETH/elCHR,0x176791a1aFc80D201d4d0A5a9A66Bbe726F83ee3,vAMM,0x81d421026d4d163441AF16F3A1Af07C4Fed50563,0x9F056541A825eB3d55B2F6F537fd40EB079fec79,0x1EC6C6cf342e5d4B7a30433A5e4B8C9943b83c2b
sAMM-frxETH/sfrxETH,0xd52862915de98201bA93a45E73081450075C4E33,sAMM,0x548e0D4Fcb6b82a025E6770066b4127C5FCcBF07,0xAb4D888b139bBe0Fef035A78a77e72610cdBc379,0x56dC99D99ED6e338632614b820e7731c164Ef35C
sAMM-frxETH/WETH,0xdb286ED48b294D348593bFAf1f862393FA8776e9,sAMM,0x9A028F3Dd7067479b51ee89CDb0Db594744ebfAd,0x206f0b6D4545dF29860fc40c0Aa148E79598E52f,0xa1Cbc80c901E3450F5e560E40dAA885906260f22
vAMM-WETH/LQTY,0x393c93f8133bc89db3177D6e10182Efd4129D0d1,vAMM,0x5c2A7931A05BC7e5a8449B175cf265Ae09286A81,0x97EE67704f2D75C6A39980af8bcA8d08B76748a2,0x569165980547531953Fb941F8E76799C65DA2058
vAMM-fBOMB/USDC,0x2773f3803dCac45780b9593305Bc66249DC14946,vAMM,0xfcFc64C3B9ba35ba1Bc0312cFa0ca319cf1631ce,0x7c7C47272FE305cAD8735A4CB05B74466CafCB2f,0x7A2a69820bAD8dA9b81095f3959e4900b1395930
vAMM-DEI/DEUS,0xf4B478c32E43EEa1c288ac96b71f3de095672C3c,vAMM,0x63c9E470F291393d3CE831402c57B3BC1BaaFF1F,0xaaEa1207Be7e2Fd6867263825c5Db4E5f5Cf32aa,0xC3d0692Aba2D4fEc054E74BF3bFea7a452901fD8
vAMM-CRV/DAI,0xf5ADF3a54F28F0Bc0D37f11E2B17E9975eCB6797,vAMM,0x2b2A8f3E791841AD623E37F5461Fb2443f1fBCC2,0xf3B9aEcD5450F7707B6d71fFC1225eCB4f7D61E5,0x6CaEd4C3b75eA0Af2a4C452f0b1F2196db68FA87
sAMM-CRV/DAI,0xE50eEB34a702E4c69E61b53fcd152f9711422d97,sAMM,0x74D96756D63916248575149d3a876490F23bf622,0x72501B0daf7f376A0cb6C7C080b26404E75940e3,0xc5f4E03faFb1fc5dDe8586d753e475FFC6143e7A
vAMM-CRV/USDC,0xd31de8041f57F9868572088e6FecE75035f19211,vAMM,0x3AAdd82500eCB6F6BB3b621c380cfbd80B459F38,0x732887edd2Dd282EC798Ba73b43b5e382c5ABb64,0x6ff35cA0Bb6215eD9F9445D8297CdA51114c456b
vAMM-CHR/DAI,0x5a1C10abf842DCDdfA0cAfd7Ba3BdB5Fd42091Db,vAMM,0xca29087268188F3A5898814BA9799D1277398E78,0x719BC03C18D34ad2de6d15a3e0D622EF5D293B57,0x8cf93197079120219Bf9C9e0CC36B372793A1056
sAMM-DAI/USDC,0xfd1e3458C7a1D3506f5cC6180A53F1e60f9D6BEa,sAMM,0xd3B8DE04b90b4BaE249E5F0b30ae98d7F02b6DAb,0xeC0682360d74d7e318153a73380019C38639F0fE,0xC2Db60C96328C4D5796c18C33b071AdF27609326
sAMM-DEI/USD+,0x94C20B48FAED9148A00CCF3229f4e50F791A26b6,sAMM,0x8Bc7811fdC24c82E842452F6EA3C7a20e1994889,0x8114298957AC47a58bfaC2cfa6d0402731e37270,0x61F68CAF7f92e734c0476dF81F2C4B7934Ec72F8
vAMM-gmdUSDC/YFX,0xE83D6b56b0a88b9FfdE444835B7c0b8B76cffec9,vAMM,0x6cf973FA85a396AAB47252153E09Ed7915A2B0Ca,0xaB4d397BAC182E2978d8014bDf955A50f55a269f,0x5fF6028d13D6fb152d685e0aBAD50dc79022129d
sAMM-LUSD/USDC,0x4F7ecB899871114F75c052D94a74ebd316f20660,sAMM,0x1b918A614612D6F94Fd3da7aD354480ecB3c5aAa,0x33d190e6d107815EB4fC5C4DCDd30CAc6DD4774c,0x0F4b7b921029573c85893A25d67B0CaaF7cf80ec
vAMM-pGOLD/USDC,0x2692fc90eEf78E90f1d59C908D284f5B483E6681,vAMM,0x34C8AB30D5961920eB42976E147Cc1a1675D4e07,0xcCA7f4C92eD62d3Ec7E9Bf13406766F74318104f,0x264f7714D704Bc528E6a04F303949d9b8ce240DD
vAMM-WETH/LEVI,0xf537d197CcdDA73b454EcC0A36A91BCBE157C071,vAMM,0xd160c5B6acC9EdC3C8e21B6a06522522037b2b04,0x36dc5feE42E4a431C1F1721d2a988300c599bbB9,0x2DA78249d126d89055453d918C7De34e6C77317E
vAMM-WETH/MIM,0x75D04805B1fB385F53CA7177bCE2fF6a13eA5994,vAMM,0xA28214E1F0939746cd38fb7735B3cC2DAbbc4d86,0xD4A15065C3E597993E7B073995dd00EC7c759f49,0x985D04F70027aF5DFf2fE9E690F5dBCAB1D15651
vAMM-ARKEN/USDC,0x34a41E6C44224bEb64b7c6c7b48AD1475149Ed16,vAMM,0x89a746b7a395286264Dcf537D26961325b84747c,0x90a82b0ccE44117c8bf7Fc43F7F8607f53fb8Cea,0x8748dF4D0186C460459Fa37B511F3059d2c3563f
vAMM-LQDR/WETH,0xDDbEC81b3F3A6bbeF804Ad37087b54DaC70983c2,vAMM,0x8B640B50889b86B68b113144a0b3a38770A5FB02,0x8d1f51600C404939D0Afe2fB2f9bcE418aEb10AB,0x9DA01E3e6BB531c76371bb25E2e5dC7D7a734883
vAMM-YFX/USDC,0xDBf5c47eA7bC6384eC8b8e60CADf885e736bcc09,vAMM,0xa8D2a15B05d0c8Caa2D19427bE698Bf1b5D96521,0xc12bdBf0bA8615FAd7000FC7fd150C2D3bb8E5e7,0x17CDB6950717e55057e15C969DfaDbB0177863b6
vAMM-pSLVR/USDC,0x7593cf5f60FfC2F7a9a7aD3e40754bad3eAeb640,vAMM,0x58Be6E82aC1e25DEf0f7Ab9ee5B73fD7B2c3eB10,0xFeEf1A73518879032462dd744d977B51DcE0244c,0x5b45E51bBe4e7C8d38f13D666Ac982F3f703b6FE
vAMM-pOIL/USDC,0x254c14A76ab5f00bFA322eD5F822EA639A23A824,vAMM,0x502aFC3a23E0Db850b34EC72A32F1332E8C7117F,0xD054733e67Bf6E1A9671aDA6bcB624F4cF5CCada,0x786ca21edBcc60C6149300976c6936F6B2BeD59D
vAMM-pTSLA/USDC,0x1d96C04F6fE22510AcB3ca333387e8a9b4824eC7,vAMM,0x143F4D101F3584A2069Ca80115e0EC4Bf4AF5899,0x96d6d12A56253C54a61C05e35f901CCDe1F86031,0xde161fF401cc3B1332211F1C75dE8fBA14AF2262
vAMM-pAMZN/USDC,0xcB03b1e29Da949aE277F09abB74D8A9D6f69A1f7,vAMM,0x8ab2AFbfae13f49Bb9d0063ccDCB42c333851f94,0xBD459976DfdFC581c292f779D2CADE73905d048f,0xDd5DEBC19fF96D57f7CdA3A21131Ea5846d4C576
vAMM-pAAPL/USDC,0xADb72bAa02477e40EF2337b19f11fAe1F540B3B9,vAMM,0x6b285500EC2039e2c8c0cD84Cbe4BfC8Be42399A,0xf2160473198172b8B23Ed3E1Ce1110b7775d10D2,0x459F46b3072b60e9c14e3771a85A980FaBa91A32
sAMM-fBOMB/WETH,0xaE511841feDFa36856541FA5e882F3c74991A21f,sAMM,0x0000000000000000000000000000000000000000,0x0000000000000000000000000000000000000000,0x0000000000000000000000000000000000000000
vAMM-pGOOGL/USDC,0xdCF8987b73d5A136d720A6B9ea729962EA2fF57F,vAMM,0x0000000000000000000000000000000000000000,0x0000000000000000000000000000000000000000,0x0000000000000000000000000000000000000000
vAMM-pMSFT/USDC,0x1ac2912aDf6beDF96F611C151DF03bcC0A238057,vAMM,0x726F25d943B0c63e43605280Bf45b05eD2352aA9,0xDA28F7d713c8Fde8ccfE529AF34fcCac4386f2DC,0x165ca210436691e050dC6348c9520d160E3dC70F
vAMM-GMD/gmUSD,0x5FAdCeCf7eF4d08Ce7F94093e3bDcB1abe642D85,vAMM,0xaa59788F6e401816ad335233a2E87F404cb52c3e,0x61F094834617d622A7D536593e45C9228Ba54104,0x54d906347db8a47B77AF607FaE79e9C9F3A05c9c
vAMM-AIDOGE/WETH,0x54aEFce0b958389c24409d180bbFa5B2c4Ed8915,vAMM,0x0000000000000000000000000000000000000000,0x0000000000000000000000000000000000000000,0x0000000000000000000000000000000000000000
sAMM-gmdUSDC/USDC,0x91c04baf6953930D1a2F5Df6dae0EB653aBB1caF,sAMM,0x5C343860BB5B713E17B3200eADB64b3055ca63cB,0x25a034978aFBed652A460d403C97Cc19746d8bBA,0xdcb9Cb29e380CB5A0340FE95E34380F8Ef53FDB8
sAMM-DOLA/USDC,0x7D6DB47d1c68f89fDa2BD9385cfF8c78e2F2dD07,sAMM,0x5515F3F87eCa062F0EA84f29b273c3f37EC78af5,0x31A087A0D343Cb3538dc0cB4177a79191b38063a,0xf97c958fA04cAB616068b2a46ac8cc9E8d781627
sAMM-LUSD/USDT,0x5F4f21D9159b6139793c78aD8F17b6B7f93b75E7,sAMM,0x5a12C3881552851eD61CBADc6a5e19579C414A16,0x9FcCa2994ED545a5F39b04B197997B0eb996eDF5,0x275558817fe18679C1a1db16C762a779690018Fe
vAMM-wUSDR/USDC,0x278f76df86EfdcbE0f2573AE54e917505621E312,vAMM,0x7863bcC83fA7008CB421118AC05bFe7D5Ad5bBf1,0xaFBD6299F496c44fc676AFB510B5261623E2084c,0x65581717e7B642dAd4cce3e4d638DF518ea8c83A
sAMM-wUSDR/USDC,0x4f2BF692c970F5ecb04a04E5Bb938857D5F86d30,sAMM,0x2b8B58484da5433cBa104D121A3D5dba18E58cf3,0xfCdFfcCe11df97581bB772D3a15b2dD718B83d6F,0x76A7bcE8A68Cf7FB53A27FB07d20c2845Ebb1ecE
sAMM-ARB/USDC,0x3f637E5CA73643472d362C2193564d9148947C4E,sAMM,0x1AA4FCDfD16e4496cB482ea0BdE1cAF2e5Fc1B1b,0x62D61f818694224ebB762fe592db601f9DEfF3D1,0x53f50f7f724f96847cD0bda7134306285c6dc8F6
vAMM-fBOMB/ARKEN,0xF3F372A98395D411Ee4E202221490CB97F6fC962,vAMM,0x0000000000000000000000000000000000000000,0x0000000000000000000000000000000000000000,0x0000000000000000000000000000000000000000
vAMM-pxGLP/WETH,0x323f89F0426D70eB5DA9D381873146f1BFecb8aA,vAMM,0xb1B15239c8F998165612325E9c860beE94DAB3c6,0x046d5dCDe63A0Fa372D210Bf483c247b3665A74c,0x9e05426eef5E6912c20497855D253f24B5FFe4A9
vAMM-GND/gmUSD,0x01b325acD3170A90ca8399441B7FBD8727598008,vAMM,0xb33Ac6A73e88F113A8BE1f5db02266232A07Abd6,0xBEdd044Ca554655ae5Ce4D2C8071E30D95FA0283,0x964F47490F67A44851DB2da9be1ec5F95d5800f6
sAMM-CHR/keyCHR,0x1cfa12E84598B281ebfd4652Ce06f8eeEBb4c03d,sAMM,0x0789cE2258E2D341d71D3559411969a05e2f1B7F,0xF33265903d569f6C5E742ad58c58F319C621577d,0x7F9d8F595454240ea23C9fc43688eb9598C3c696
vAMM-THOREUM/WETH,0x20b8B4619E5dAe824d481B4a5b09cFf669ffDC48,vAMM,0xc957d91F7675c0e36C700390b6226762799483E3,0x32CCf1F6b814f7a0314E715a27DB0580CE46da6A,0x735620524E33695D87F5dd8a3Ff183Eea755Da67
vAMM-WETH/LIBERA,0xf3C86e817Af82A0ce26B1998A89A906833f7ea4d,vAMM,0xa8B3Ec4f432aA7B1AC5CF1A406391941018D754f,0xB589Db4FAEeDdb6c803CeaB34F11E64E51CE7A2e,0xEFf54550CE1Fe98ff1151C428dAdC7EDeB0da335
vAMM-IDIA/USD+ OLD,0x69fD0EA1041BC4c495D5371a074BF1dcD6700577,vAMM,0xD1C05e0770968c8b9C7dC0f3aC1DD419A3417971,0xf234FF7E2A4c18975ccb53D5d9989AC8bF82eC08,0x4347abF416248a51E6EC279cb3337880d8AEC557
vAMM-fBOMB/USD+,0xeb643AC9471E9bbbe1bE1c70ca39d1f9B8AD7D94,vAMM,0x0000000000000000000000000000000000000000,0x0000000000000000000000000000000000000000,0x0000000000000000000000000000000000000000
sAMM-CHR/spCHR,0x4484ce1f30bBce0E5F57f2D11037a36A8D508A74,sAMM,0xE10Df51EbCbD11e9eA4464e7fb950Ee3216D1cB0,0xEC3411fE91276A6Cdc327996BfEF5B017e9E3950,0x1b3ccb19c08a4a95B870f306b7191e747fB5a832
sAMM-RDNT/WETH,0x188b731Ac63e56926101f080B05e5F9c10E94427,sAMM,0x31B7bb1452ed521D3B3A119EbE7e9EE76481Aa70,0xB817Dee43fAe8b81618Ca7F97E4e94150bd36bfe,0x747449EcDf8e29794ea7695bE7Cbe872e6C92BF1
sAMM-WETH/ARKEN,0xa411bCFBEfe717cbcED45254099E9FbB3B28C9aB,sAMM,0x47D0CbE86b28C279c61f11B487689ef460FA32fE,0x59DDa6726711c02A7F9dA2A8357b5F8f5eAffdBf,0x426753aa30A76e87e61B281193aC1957a66FbD2C
vAMM-CHR/spCHR,0x07a0d68e73A508Fb8D7E2b28ab96AaC624d8920f,vAMM,0x0000000000000000000000000000000000000000,0x0000000000000000000000000000000000000000,0x0000000000000000000000000000000000000000
vAMM-CHR/keyCHR,0xeD68C3F7A49a5655eAf9CF1476eC0d88dd5A190c,vAMM,0x4b08E3cB9C9f5623436C74B586A7bD4b9ee623f4,0x8f0fD092434cab0c79e02EEeC93720775A96ce23,0x721Cc6c18dF50E61E333F5D01ee46048dCe2EBe2
sAMM-USD+/USDC,0xA885a1E7511CF6B572d949b1E60ac0A8449F3b18,sAMM,0xc8d79Fd3Ecc0F91d9C56E279Daba12257bE24619,0xbfc61978E6e6b204d1d1F28eEB3b515d84708bD2,0x4FD3e361d257459b98fBF4147a8D3ca2e310A8bb
sAMM-CHR/ARB,0x07BcB73177C800bD53A38818cECD3fD4da8262F5,sAMM,0x59C9C45bfcF7c5FD9d530149Fdeb91Dea0b33a5f,0x10EeC3468530cdaCb56c92A428fa9c1FC34A5223,0x0db2b010927640468Fc30c2b0CbA5bC92d25c3b2
sAMM-WETH/LQTY,0x01F134DA1Fabd659c8B106331Bc08673DDE2b056,sAMM,0xB85C7522D2ce434a4DbE64cAc107D25b24e852DA,0x85f3D321a72CdB7Ef6dB55D43d4546Ea240c7254,0xfB90056FEd2a377A7cee94Ed263dc6D5d99fcA57
vAMM-WETH/METAGPT,0xD0d6e9639eA68b89BF092d37Cd4650F775ac359d,vAMM,0x0000000000000000000000000000000000000000,0x0000000000000000000000000000000000000000,0x0000000000000000000000000000000000000000
sAMM-GND/gmUSD,0xedd929112efafad98eEb8b7e9444FC30FB36eb5D,sAMM,0x0000000000000000000000000000000000000000,0x0000000000000000000000000000000000000000,0x0000000000000000000000000000000000000000
vAMM-LUSD/LQTY,0x2809B52a0bADcD13ad85fFeC7D7FB41ad24bC5e0,vAMM,0xFCfAcA7D4c0cD88116CcCD8495E6698a11eaD6C4,0x60B8788565fbd0644489245bB370f87bbe8683CC,0xBC66b588DE641D7F675F1ff25323fca92fC231c1
vAMM-frxETH/sfrxETH,0xB1319B7113bd419Da3e9FD1C622269272a91a6e3,vAMM,0x06B6414979329068D4091C75C9330498cfb47a28,0x15f2bF7d0691DBD3Ff698AB017A2C8fAc6648F0e,0xbAd1bbfA1C97B4e7c205070919D04A0dae42B319
vAMM-WBTC/THOREUM,0xAE42CaE5A1edd3aDcbbA81687974CB6530031578,vAMM,0x3f0250be72c3D20AD85A3BFD798f83066A0c0292,0x06CcABF674b75fDb501968463f2D04146DDA4Eb5,0x1790A79e1ABd7108b9D5fB82636b2777DD4940b0
vAMM-WETH/rETH,0xBbBe4D4a3d370F478be7f2D3B734591BB1a99d37,vAMM,0x7c2278027B16Da1163f3CDeFC4D332B0db03b826,0x4443D23360114721DeB4A329475F99b4edEdDccC,0x36d5DF6603BB8853ad90d0Df90d06000166D2f53
vAMM-AIDOGE/IDIA,0x13286f830529F48Bd24457099bcE5bA4c9ADc474,vAMM,0x0000000000000000000000000000000000000000,0x0000000000000000000000000000000000000000,0x0000000000000000000000000000000000000000
sAMM-WBTC/THOREUM,0x4C0F7b2058fE9A89FcF6597Bae8f303dFe613fF7,sAMM,0x0000000000000000000000000000000000000000,0x0000000000000000000000000000000000000000,0x0000000000000000000000000000000000000000
sAMM-FRAX/USDC,0x2080D33D2dDDdbDdB6Da9c1746a01FA4Ab98f20E,sAMM,0x0000000000000000000000000000000000000000,0x0000000000000000000000000000000000000000,0x0000000000000000000000000000000000000000
sAMM-LQDR/WETH,0x6d04eb5b17Ff2A6FC7058f33B0640Df2A1418b1C,sAMM,0x0000000000000000000000000000000000000000,0x0000000000000000000000000000000000000000,0x0000000000000000000000000000000000000000
vAMM-WETH/GRT,0x4676A3996C1F7E073ABdff0F39E8c54De1f78B1F,vAMM,0x4b23737f0f00955ee859EE506154Ce6938C12Ce6,0x3909aeAabf12dF20853E2680d2c10060Af8564e9,0x08fb4f48791b845453a485659472DB18f36A4E93
vAMM-rETH/WETH,0xa0e58db7Dfd8e410584A628CbFb098B261d4013e,vAMM,0x0000000000000000000000000000000000000000,0x0000000000000000000000000000000000000000,0x0000000000000000000000000000000000000000
vAMM-rETH/USDC,0x9e6594a055898cCc113d25f37996A8281a2e72dB,vAMM,0x0000000000000000000000000000000000000000,0x0000000000000000000000000000000000000000,0x0000000000000000000000000000000000000000
sAMM-rETH/USDC,0x628469A71a0042497270097db0AC8fD12222f2bE,sAMM,0xc197337fF07961AAFC7D0de9aFc859924a9a5031,0x36339c3F7b8BF09d1316A0E3571d80115501022C,0x5733e245663Bb3048bF2BD2cf3c3E1c72F4AE15f
sAMM-rETH/WETH,0xA950d136eF22a172DC7BAb33d544bbC7fE87eB45,sAMM,0x358DE2931B53caD006c65acf3BBEF287BC8F6D91,0xA95d8919bCc5e654D452b18CE161b4C0b7601aC0,0xbd0fD6a4ac59292FCb50374EC7E8d1368eC03c6D
sAMM-WBTC/WETH,0x562fD67e0E4Ffbc5a4df9a91f9D74949f392B437,sAMM,0x1d93Be2019A6a7de9354c41B26f07D852BCCA800,0x66E7202985B25A3f832aCBa62A9cBF6B2e22cE52,0x9158119F6E273f1303f6f877d9A9C02AAe54C3A0
vAMM-DEI/USDC,0x696C5a525427C02B5c6A8e516501c35448c8eE83,vAMM,0xE7846c3A94353ffa2d0E3eEE496E50e7a2756f73,0x973a6c47C63cD008358EB228412920A6E6558809,0x3fB2c2e4FC1725920E90Ff49eCb3897da6FfEDf0
sAMM-WETH/DEI,0xF81eFeBd40ed7a30B233eA3f487B1392d36baDEc,sAMM,0xFe796607f61a628D7f2E25a320f6185e14F871CD,0x0d892E5C3157c8a1f38e7d16CcE5238F8Aa2AceB,0x74b618C43e316c75bD3d2c574cB1Bf51f4c25e3A
vAMM-FBA/WETH,0x1F9E742AF389E2b9A8A1aCb5c542bbd3DA4c7fBa,vAMM,0x0000000000000000000000000000000000000000,0x0000000000000000000000000000000000000000,0x0000000000000000000000000000000000000000
vAMM-IBEX/ARB,0xa636E51C966331411Bb8D5f83D06010C3197f12D,vAMM,0x618684eD06eD52872953d589411CDE04F195A3bF,0x81499a6C602Dca2809f5fC95c23Ee2dB5c0b005d,0x516e1C79EBb9A8A8EbAe3D85BbC2BB491F91CfFe
vAMM-WETH/RING,0x8744419D3BC0f73dFCe66B7846C563451aF0aECf,vAMM,0x689cc296B191E57e3b7e4e7aEc63865dE9cb881B,0x5242301084122Ea86428524f421F4aA113FBE032,0x27EF4fF461846064836D61398bb494D41FbC1B5b
sAMM-IBEX/WETH,0x9f107fac15e3613683b5895c67D530e71e6aA157,sAMM,0x0000000000000000000000000000000000000000,0x0000000000000000000000000000000000000000,0x0000000000000000000000000000000000000000
sAMM-TAROT/USDC,0x8b48B70e8070bFd78b37BFC944d467C85C202a3c,sAMM,0x0000000000000000000000000000000000000000,0x0000000000000000000000000000000000000000,0x0000000000000000000000000000000000000000
vAMM-fBOMB/YFX,0xfef1e3e114E9D73FA794ee3B8435c59Aef33a0f8,vAMM,0x078704efb2c828f1D305EA2Ae5a3E982d795D576,0xA23c3D44283217946d330b27eF4eD016A43c9213,0xF4793bF1C80b1F96a1eF425c7b6B1A4476c2d3d5
sAMM-VOLT/USDT,0x1645D003403325817e75fD91d8B79A361cE7b1d2,sAMM,0x0000000000000000000000000000000000000000,0x0000000000000000000000000000000000000000,0x0000000000000000000000000000000000000000
vAMM-WETH/GND,0x60Fc86778EE505E0CBC0fb6aF16e50e6900B18b3,vAMM,0x0000000000000000000000000000000000000000,0x0000000000000000000000000000000000000000,0x0000000000000000000000000000000000000000
sAMM-MAI/LUSD,0x97cdc9e5DF1afa297Ac24Ce8c0b7b6a9A2cf7448,sAMM,0xc7F5AAE3A39217172875Ba3F72dB12101bd89519,0x52834310DA44430bCb7Bf3Ebd25E930a070dD11c,0xcdb5e5148841194dFAa82B5d19F211c402e3D835
sAMM-FRAX/MAI,0x37A7bF05807feCD6b1CCE53366059e70E313e4Af,sAMM,0x1371512f45d85e6247aBfA2926Ac5213324a6BEB,0xa218788a272a62C4D5fd4D9FeAc9f5DB6D51B509,0xa57820c9E6F00f67a622a8Fa5A3eCFCF5690F66F
vAMM-WETH/TND,0xce448Fc004109370DA6eC4a1d0aB762F6172DA1a,vAMM,0x0000000000000000000000000000000000000000,0x0000000000000000000000000000000000000000,0x0000000000000000000000000000000000000000
vAMM-DEUS/USDC,0xFF87380669EA3469659CdB4cb9fdae9ad741770d,vAMM,0x0000000000000000000000000000000000000000,0x0000000000000000000000000000000000000000,0x0000000000000000000000000000000000000000
sAMM-plsRDNT/WETH,0x4381057434BFe65869FBe534cE925f183D552F2c,sAMM,0xF5Cea0fC0dA5f3cF26C1f02Da2c29b92263f7B08,0xC674b25CF43D44dD8aD2f1E5C606aA5bEebb12Af,0x73547CF4E651BdeFBe45C04B66b7BE92B35869A4
vAMM-WETH/DEI,0x9D3FeA3391bA6C57A9cF8F0a2385aB48EF037C3D,vAMM,0xc57d708Ab58d3713F05DaD15F1167596a7fba0e3,0x29174edDf32d0EbDd9Bf88E8CB6695BD1d86751c,0xcb746eF955D00A6413F54Fd738BFAAa4630313f1
sAMM-RDNT/DEI,0x5eba2E2c2ea0Be315c773975BA837c6E46a1aFdD,sAMM,0x3AB8c0E9052ab07b331a6Bf9FbAc89170Ae57e90,0xD4dc7547Cd0C8eD573C639dDfB95e92813F93fe2,0x87d792b42ae7190E2576BFc94ADa12BfCd0c06B3
vAMM-plsRDNT/WETH,0x5ea9AB20D8e052889aDf79054169fBC5BbE6EC79,vAMM,0xc2D4C63b5cd9046Fc4fca8b83Caa5479470FB050,0x380D36Ae0e84062fE83a112656A1f7C1653Ba1eF,0x13fe9Cf5ABC6929471D8d748CaE981C71B355764
sAMM-plsRDNT/RDNT,0xd008013abeC8Ae9125827C36e860ab161DeD0529,sAMM,0x64ff07c6F42462f5595851a9D1a782319bE4923b,0xD366d3AEb414cFa1DB6d442f59498c4bf96d644a,0xfc6F7feE3Bd321ed6adD32e91fC0a4c56B39D9d9
sAMM-DEI/DEUS,0x9AE222eF3010226a4d8ceE2C3E49370dc3Cb1f85,sAMM,0x0000000000000000000000000000000000000000,0x0000000000000000000000000000000000000000,0x0000000000000000000000000000000000000000
vAMM-plsRDNT/RDNT,0x3fb69D8720816A604487F2Fd5813b72C15Dd77Ea,vAMM,0x67e41F8ab7DA0e63B55cF9c79C1B359045dA6231,0xD53Cae107b7680643A351988c78437badC72fa0c,0xA4B2d346713F461fe5025D39187d56666841328d
vAMM-WETH/DCA,0x9093351Ff2857fEA881808bDFF0CbEA73586F59F,vAMM,0x8200c690FDd6A16fc009145808C8a50281ABE737,0xaf7710308B59aDa68e78279489f91c6A14c96d88,0xd49b2303af2f8d2A569aD562935CEB73D584Feac
vAMM-WETH/xPORK,0x057453f35870f60F1fE6813fc306940700Fd53b2,vAMM,0x8465586863b51df8418d7A44Bf86daAe0bB871B8,0x4E8F41Aae82f7C16fE954eFc3Da2777790Ebd3eE,0x4Ba2eb34Bd999093E3a4Ea7cE59C544C6f84762A
vAMM-L2DAO/WETH,0xF1379AB94C7D8D43eba4f003c6f70B4D3dB7F2a8,vAMM,0x6EF0e35A13eA565EB0f0dB0DA6E0100E423df585,0x9CA1B509fCD92e9EE961A9fac20807E823F8e006,0x8e286330C6bf34E87323adaf3Ed855AA267B825d
vAMM-WETH/PEPE,0xF6ADA8AcEa737d33fC983431b189A5943024366E,vAMM,0x560055186F08d47C1f537Af902ec517C3bd451Ad,0xc27924b73449B933B4C775963E8B7399Ae185C74,0x7FA8F26AD6cC3346dA258E7642166841f3b7a1f0
vAMM-WETH/BIFI,0x04c106eddDBe89f2Ed983f52020F33D126fA544b,vAMM,0xbD0cF21c20B5eb38B30e00f32893A80b5D823806,0x6AD7EF212a0C74949AEC40dd1322431CdC5D6E51,0x6412719957C666114C811881277E6c9914ef0208
vAMM-BIFI/USDC,0x08654102fa5840354146D4D87a1D77BBa72B9f2D,vAMM,0xce8424A357a8438e2bdfce49E4A7344fc5062548,0x9DB8759d0964201dBAb5B7895e3a9B06C0085659,0xAAcEDebCBC2A2Bca5959DB7a0798cE5E54fDbdBb
sAMM-jEUR/agEUR,0x11357D693D8dfdFa570C3b899FBa073152f9dcAC,sAMM,0xbC84f92A391e7ae22B8D8980A0CE566314Bc2552,0x7c1bcd1a429914d929cB3f4200E4f5A87111faCB,0xCBeB14f6d08023DA000e6Fa33E7BbB2E3707a7E4
vAMM-JRT/WETH,0x43098F54fF83D8E93139C355FaB5CC1148803D5E,vAMM,0xC95BE0d20F11936779AAc72597319FdDb81bE467,0x1462aa72Cc94FadDCE74dF137898F7d57900b0c3,0xca0548A11557A62c5243BBd5ce47144C14593685
vAMM-agEUR/USDC,0x0DEf5c34285b67d9f7467129FD522D0818b45E31,vAMM,0x911f73A6feA8e7592A5d2bdd2DDc26a86D0fc24A,0xcaF1C6CA1A4b3509ec9Dc6DF498Fc7ADBCB5625B,0x9A50052C2ac78067F49d9fbFcE8A835cFFFfBDED
vAMM-XCAD/USDC,0x0908C9518355CbeDf483c9DfC6662B1e35bD8b31,vAMM,0x815b5D62a66Aa52cE68C531A1b2EDBDb2195BdDb,0x71300034209AC078004e5C89ea1A33d4764FEa0e,0x3Ae0D49538c8eD57eaa1e6729F6BeC64ED73AD55
sAMM-keyCHR/USDC,0x6243E4476DABAe7578a9861663aBF9eAF5baE501,sAMM,0x0000000000000000000000000000000000000000,0x0000000000000000000000000000000000000000,0x0000000000000000000000000000000000000000
vAMM-fUSDC/USDC,0xf8065D8334D1Bcfa244488A8730b51fe37c87F59,vAMM,0x0000000000000000000000000000000000000000,0x0000000000000000000000000000000000000000,0x0000000000000000000000000000000000000000
sAMM-ARKEN/USDC,0x31f966d951346f052B5A3F7984999F1753FD8382,sAMM,0x0000000000000000000000000000000000000000,0x0000000000000000000000000000000000000000,0x0000000000000000000000000000000000000000
sAMM-DAI/USDT,0x28Efc32a77373AA68c60651E9a53b4EC8532a9D4,sAMM,0x0000000000000000000000000000000000000000,0x0000000000000000000000000000000000000000,0x0000000000000000000000000000000000000000
vAMM-GB/USDC,0xd410F277A9cb08A04ae07Ef70DF00925b6bBEB22,vAMM,0x34C92FBE256a7B8132c362354Aa8c9d094b8Bf16,0x436cB7C6F785d0E2a1807fB121bdbB5bC09f6d23,0x8C65b269F8B1fba6B565E2063286b93980Fe4e9B
vAMM-WETH/Pork,0x3E432C64280854674d1B245bA68e0F58edbA9287,vAMM,0x0000000000000000000000000000000000000000,0x0000000000000000000000000000000000000000,0x0000000000000000000000000000000000000000
vAMM-BELA/WETH,0xAAa4B0D886922e7bfEb45cE16D9EfAef1D67E5D0,vAMM,0x45aDA0C978d2dFF136E56958d31489edE4Af137A,0x250D7D011564DaBF7BaA46d94e72fD755065c3c2,0xF15a89927C1B376c94b91386c445E28c28a630d3
sAMM-BELA/USDC,0x7f825E4b64b390Be694E05aD855170c0525DDb16,sAMM,0x0000000000000000000000000000000000000000,0x0000000000000000000000000000000000000000,0x0000000000000000000000000000000000000000
vAMM-DUO/USDC,0xe89e6C4f2eE97e332A6d910b1f8110E01Ea13C8D,vAMM,0x0000000000000000000000000000000000000000,0x0000000000000000000000000000000000000000,0x0000000000000000000000000000000000000000
vAMM-WETH/cpCHR,0xF376beFd1C882736DECB305BcFc0416F3a6D7C90,vAMM,0xa7DAFF56cfB144bBaD236021AC3125DeEDC5db64,0xABAD0d38B87667D73c315c588BF3833f4E3a74f2,0x6bE7C9069bF85e2fA2D60B709F60b1607F44F246
vAMM-WETH/BETS,0x1aA1575a3D5bf778D616E2ADF2E57340e2Bfb866,vAMM,0x5A21559cfdEe87b8929845B387f6B2Dd437184fB,0x1FB3678cD0574dA1fdC38A3A04efC588300a1358,0x35317daD8876A4F6189Cb090CAF9c6bBC2E34456
sAMM-DAI+/USDC,0x7ACF751c53476A261c491fC6f53d455076c54C3c,sAMM,0x0000000000000000000000000000000000000000,0x0000000000000000000000000000000000000000,0x0000000000000000000000000000000000000000
sAMM-t1/t2,0xa68aEB7945681e805d022E7da2560f1574F8E3a5,sAMM,0x0000000000000000000000000000000000000000,0x0000000000000000000000000000000000000000,0x0000000000000000000000000000000000000000
sAMM-XCAD/USDC,0xcF57279ab39f16b19bee1d858526Ddca03014008,sAMM,0xe62ee9627859b93300643017BBD61Ebee30D203a,0x95a8641180AaE5d4c8684DC29233B9adB0588A0E,0x4CC062A5326887253a324CE9015804845600F92A
sAMM-WETH/RING,0x6B5c443C91410cA68afa572dA31F4017f63b509D,sAMM,0x0000000000000000000000000000000000000000,0x0000000000000000000000000000000000000000,0x0000000000000000000000000000000000000000
sAMM-IDIA/USDC,0x44F82CE8c290E9b8Fb57A3C53dD619e7Fe1d57b1,sAMM,0x0000000000000000000000000000000000000000,0x0000000000000000000000000000000000000000,0x0000000000000000000000000000000000000000
vAMM-KUJI/WETH,0x45C633700854177c803bce394CA69694B7465BCb,vAMM,0xb77dFa2D6B8d005f0ac1ACc25de26A78e20DD59b,0xd59434a8b4e7e30B758FF46fCBb491F1DB0ea951,0x017c3B882cFf63b57B4d1dE5b175ffC24f541A0c
vAMM-DAI/USDC,0x047bEA5988d87202b8e673F2D573443F3274A672,vAMM,0x0000000000000000000000000000000000000000,0x0000000000000000000000000000000000000000,0x0000000000000000000000000000000000000000
sAMM-fBOMB/YFX,0x6526bed856197db198828C50010F907763C349fA,sAMM,0x0000000000000000000000000000000000000000,0x0000000000000000000000000000000000000000,0x0000000000000000000000000000000000000000
sAMM-WETH/DCA,0x3081368684240Dd9FA48e903622f19d1CE8Ceecd,sAMM,0x0000000000000000000000000000000000000000,0x0000000000000000000000000000000000000000,0x0000000000000000000000000000000000000000
vAMM-HASH/WETH,0x1B13981f513681BF8079b46Cf4c0FebB31692Dd2,vAMM,0x79a13881f6d17BfF4AA5d709C420822dC378b7B0,0xF322311B98b4aC1cbDD3613D21D06901E145918A,0xa940da51348fB95A441A1409f9223790B540b43d
sAMM-WETH/rETH,0x43B019d5c7E2BD5c7fd16F2255bfde86a14942DF,sAMM,0x60fCA92D655aFC8DfDf6a90f693F8dd1109E370b,0xa798EF4B349CEf70Ba01084064882Fd9c9A952fd,0x11a8e4f902bC47cDBc2dEfF7A8Cb00Df6B8Ec966
sAMM-IBEX/USDC,0xB49136397DE466b99AF322f5f5E7ED34088906f7,sAMM,0x0000000000000000000000000000000000000000,0x0000000000000000000000000000000000000000,0x0000000000000000000000000000000000000000
vAMM-POLY/USDC,0x8424F9015353b713D9c19ac3A729ef427ff37def,vAMM,0x999007a24058A0d82A6396618C31c0c54d0357eD,0x184FBa63aE2b109c836Fca4634cB75a98FD82cc0,0xa866A8822ECe0cf8512D7B5a83F041a79acf44E3
vAMM-CELLS/WETH,0x661dD8366E8b3FBa27ACc5e41DB33B5868694024,vAMM,0x51C44524AEB43E5b20e16999de40091c1913D3c8,0xbb2eC77D98e650a0a80F985d7Db251ba5F509F04,0x7feE50a60220aac79A54E0e323304BCcF0E805AB
vAMM-CELLS/USDC,0x1732f462686f3A41A7631793914a0f57FF142b1b,vAMM,0x7C4cF34e27A61B03C3b11a23947be5b21a227a00,0x71e5B7E4B69edDD4663cd80c411992418A034afD,0x4a1020a77DCa86DcB6ae548738B5Ab9366728be6
vAMM-CHR/ARB,0x653bBDD5382c3B5863e1a9716F0AB29CcbcF9d33,vAMM,0x0000000000000000000000000000000000000000,0x0000000000000000000000000000000000000000,0x0000000000000000000000000000000000000000
sAMM-POLY/USDC,0xa4361C020f37011b9e62A192F808a0eF19Ef964A,sAMM,0x0000000000000000000000000000000000000000,0x0000000000000000000000000000000000000000,0x0000000000000000000000000000000000000000
vAMM-USD+/DAI+,0x6fF5766Fd49730a0fdAE2732f6af6cB7CCBb833D,vAMM,0x0000000000000000000000000000000000000000,0x0000000000000000000000000000000000000000,0x0000000000000000000000000000000000000000
vAMM-frxETH/WETH,0x5164c0780BBe9ACE4d0B2d03022A86861Dd1210a,vAMM,0x0000000000000000000000000000000000000000,0x0000000000000000000000000000000000000000,0x0000000000000000000000000000000000000000
vAMM-IDIA/USDC,0x6522d9AD280ed92155b33a6c4dDE84FCc857914d,vAMM,0xef92Cec8488684b27aA9176d80b1dbF8ff4dB376,0xa5F0EF3e7f3272002e7a17C1b0E7dca6bDEd2d7d,0xf79ce402D5356BF3446C74Ae3cC139Fc12A517bd
vAMM-WETH/IDIA,0x89F2A0D3F248e626Ae1108F95a06C8d864a4059C,vAMM,0x72f9752e63F0251Ebc51D7356028958935e6Df04,0xc39e4c7Cc61EA46C275A8e655dc498B309954BE1,0x64919B2eD7D9AA3AE6b6E916e01768bab51b2d3b
vAMM-WETH/USDF,0x2401e2ea4cefaF14967B298b095580257EA7Ff16,vAMM,0xc669D71e2E21BCA9B724C8023FA85CF01f4481c1,0x7C02c1d806AD0e418DD731310d3065A8d74e40c9,0x8A22ffd62E7d2367bdf4a9f0A15370Ac00535e29
vAMM-USDF/USDC,0x0B93e75D0302Be487c398E9Ca69378D9921b15Bf,vAMM,0xeC4c513BEDFA7d93572419C48d74f65020586f09,0x5AE02d45696DdCFf87dfCF9A75409B87db399815,0xB4808bDFBBe59A5d931F318bF51C20400331ACeC
vAMM-WETH/OHM,0xA2d1CaA430339832a91F0e25C55eE5AF1c7Bc377,vAMM,0x8f40a4D23c9d172C4f7506AeBee05083e6B4a757,0x9Eddb84878539Faf09cf86791941022B7a398C7B,0xd371155b514D5AaF33E2a91614c123011C68A422
vAMM-OHM/USDC,0x49295bf17695cd145c972c87B05EB82A51F4cD5E,vAMM,0xE96791e0B179bE350E62E316F99C4eDe4c613dC3,0x90e056a260DEB8422343E212665eD36A39C9a4f3,0x39f3E81f4930cC09ABABf93e64604B44FA2408d1
vAMM-ARB/OHM,0x26188B2c4544E661571bB92B08d27d4518F7540b,vAMM,0x8b0950C1A76D3d1f8e158f7436d6326b5953d499,0xB618CF6C4b8CdCff06eFB91EEF727835758e6d5d,0xbD6250Fd5e70ac65fbFF05Ec9CF2A5ebbF0072EA
vAMM-WAR/USDC,0x1c2567B9b4f877BC23f365e1E44Bf247B4EC037C,vAMM,0x30Bf3911d2f7681af1AE044A07aAAd966E944Ed2,0xf73fD3aCD94bA3f08b924DcE00B4c260642FaCE9,0xc10FaeA5De15a6359913D2240c26b3E1eD96632F
vAMM-WAR/WETH,0x257DBe5E13e53B16947bf7Ef8B108DF616bC2054,vAMM,0xd0Db2aACE0f845DBBbC3B25227d1383E21fd0Ae7,0x081b7FE7856271953087dc19485A4B47DF0760E4,0x2E02308375E41a5F320c9613a8e5A7f58E86af18
sAMM-CHR/DCA,0x3f13c0a489815c517e067D9D6b6fe2B71b243578,sAMM,0x0000000000000000000000000000000000000000,0x0000000000000000000000000000000000000000,0x0000000000000000000000000000000000000000
sAMM-USDF/USDC,0x468B6e0f89fa727A47d9512021050797B4875D6d,sAMM,0xDb1759d287d13b409fA80505b623e48cB9cc44Fc,0x78e28BdD4A7A86Ca1C779248a89F6952b7C9B3Dd,0xEfb22422205e156452dDC11cFCfe4c577ab80F60
sAMM-gDAI/USDC,0xC0b8Bd27F540569f2871743209959523aFA6642b,sAMM,0xc625f81F7CB2CC3BF057B174bb0c10269B1c249d,0x68Cadf1B9cb1dBBd83837599fD5b02dEC7db0daa,0xd977701c199627b07aF467Dc63F96eF827249D04
vAMM-GNS/WETH,0x2f8619b2e394E7B9512b13FC5A7ccF639A88ead6,vAMM,0xFdaD898530482630fEa2854e763a859DA0cE26c4,0x6fE20E15a267deb56D0ac4e45F82856013a2234f,0x14f4336f82e759048EF953a20F2Ccf6F0dF706C3
vAMM-GNS/USDC,0xc909537BCe1daD263a28383d53D8fB356D848727,vAMM,0x36Dde4B590914939a8bdb0EAef0D52772C4eca1f,0x2C7Db630c04D6b90927a0546E81e0e12813c1DD2,0xcfC827f142Cb6ab66cb73ee8913537d9E51F7fDB
sAMM-CELLS/USDC,0xBf58e150Ed23890cDF682ac079D352DCA636616A,sAMM,0x0000000000000000000000000000000000000000,0x0000000000000000000000000000000000000000,0x0000000000000000000000000000000000000000
vAMM-tBTC/WETH,0xabC678104a21Fc6C6Cb4A3EC837313AA29700dBf,vAMM,0xD9cAa2Fc94103720a76b13BDE1F390F43043b785,0xe20254A5613d407220A1a7350792743027f4B7f2,0x2250Cc02F3a5701ab4DbA3fce609a734e778c78F
sAMM-GNS/WBTC,0x00F2A367fb0Fd20b1F722Af0F203427748C34808,sAMM,0xF4b8a86933f6F112D59c294569396A6BD9b1121D,0xb87f0Bb6cFF75439b05D9986DE39093C53d1C985,0xE7c3f55f9881774b5226C60fcBACE450cACe808d
sAMM-WBTC/tBTC,0xe086B7C7B941a379B9C38842726F0FA85ee3A435,sAMM,0x83EfF5cfF6B486d0014eBdA6535deC110e928c31,0x272EB51eaa00f3F7E711CD5883933c8E08EA517F,0x2c0d63D88c91A55790227aF65086aa623B52e7b8
vAMM-tBTC/USDC,0xE46EF846cF49e95b4ed3f18cB83ACE31f2945009,vAMM,0x6282c394D17693Acc11F141506061136A43284dB,0x63476C7B25D709468D39422988DE42cCdcE2AF56,0x50fC162C552b59Db4e75CbFcbd4B146c45273222
vAMM-Chibi/USDC,0x6E9dC9D2aCe75dB7E85a12eB4042648928f6A6A7,vAMM,0x0000000000000000000000000000000000000000,0x0000000000000000000000000000000000000000,0x0000000000000000000000000000000000000000
vAMM-CRUIZE/USDT,0x41141bA9db535C3Fa131EA980aEB4c78a333C4e1,vAMM,0x04542c293bD524f13d2a4451413C15794Fa7Ce36,0xA25DBA12Ea1D98A10A477F00CE13365DA5874066,0xb381A98Ca2A3E56BCeE0e3E1f97A5529044D57Ae
vAMM-OATH/ERN,0x06CD9cBd9C55b27e56666a4d9629728034a94e9C,vAMM,0x10b6DF325c04aeA08CD0709faa8cF6977cd3eaA3,0xd7c7Bd51cB349bAbF97969aFe1C3a8C6bB0316f8,0x83E923bfd35E828ABA03410f1D9998ef4b1E5b6B
vAMM-ERN/USDC,0x9195c50426A601868Dcf405aF4fa9452E49e36cD,vAMM,0xF44F34aEfD17bd396731B6828E3518A121168939,0xb87F00Af1F008795Cf3211d2258Fc26f402B263B,0xe3A314Ddc52A44b30402F1a6Bd131d72730405Ec
vAMM-FRAX/ERN,0xc2A607b098acFC5cC97B8bb3A6D9FA5a7642c41B,vAMM,0xbC66Bb7d7aa812e30EB25B1bc8953E738c0690Cc,0x0E277fda03775a1FAb36a980CF034cB9B813332B,0xE9C2d67f6bf9A36d951387dDe6B8CCab213bB9Fb
sAMM-ERN/USDC,0x5bF17B1000D62bc278B51Dd28480D2292e491cB6,sAMM,0x0000000000000000000000000000000000000000,0x0000000000000000000000000000000000000000,0x0000000000000000000000000000000000000000
vAMM-GNS/ERN,0x91DA8F83Ea4c722b8fdA28235dCa0d1771f9fB62,vAMM,0xCB98E2c90840eacC640a7ec398DE25A7bDdEA5Cb,0x61E20614eC04F469a4f66F3E3DbFc906F9A4357D,0x0E7cCfAff0405842863a949A688FA215FC33B6BB
vAMM-xPORK/Pork,0xeaf97a719bd4656Bb98BA4D38c500Cb4e6D2F75F,vAMM,0x0000000000000000000000000000000000000000,0x0000000000000000000000000000000000000000,0x0000000000000000000000000000000000000000
sAMM-MAI/DOLA,0x16b960924Aa97AeeEaD947092cE120Ecf3E09f15,sAMM,0xA982bf5789aC6d53Ce5FFFcd2e58157E4D85F2d9,0x119abe2556127822e4D9399A43f1Dd89554089e0,0xb73F886f8BE00AeB97AbA74D79e6493559753740
vAMM-WETH/VKT,0xe851af58E37bE26D80DaCF00577E872E85c56F31,vAMM,0x0000000000000000000000000000000000000000,0x0000000000000000000000000000000000000000,0x0000000000000000000000000000000000000000
vAMM-tBTC/USDT,0xbC3F14da4A0f846984DfaD48A9858368d6e09b35,vAMM,0x1c6e0770a1c1ECDf2cD6c518A659ed6D2bb69199,0x7106C2d34e02C2Ff8f0CB85d00aB286A9227FA46,0x74555F5667D61F217aAF28D18ec4a350ebC513f8
vAMM-LUSD/NUON,0x7379f905b709978bbCE36987270bed96D1963801,vAMM,0xccAaf4621EA3239F72f5d681ED5DE9c1fE28274e,0x62dc290b4E3A6010458007f30218b8A6856f930c,0x06A33e2A5c04A66B90e28c44F49711Ec7F6bcc72
sAMM-MAI/USDF,0x49835F250a92b50006508fEb9820580a7e4956dc,sAMM,0x0000000000000000000000000000000000000000,0x0000000000000000000000000000000000000000,0x0000000000000000000000000000000000000000
vAMM-CHR/USDC,0x48216099Ca299d4EBee9DF8fA0e0C333D1Daf5A9,vAMM,0x0000000000000000000000000000000000000000,0x0000000000000000000000000000000000000000,0x0000000000000000000000000000000000000000
sAMM-agEUR/USDC,0x8660a74bf96D715ff80AFE9475f473B2c75fA445,sAMM,0x0000000000000000000000000000000000000000,0x0000000000000000000000000000000000000000,0x0000000000000000000000000000000000000000
vAMM-WETH/USDC,0xE0E9187c4d2f4572B001f96be38aC0cD7F0ee048,vAMM,0x0000000000000000000000000000000000000000,0x0000000000000000000000000000000000000000,0x0000000000000000000000000000000000000000
sAMM-OATH/ERN,0xbD389498D85ff9Ae8d302968427f376F87603339,sAMM,0x0000000000000000000000000000000000000000,0x0000000000000000000000000000000000000000,0x0000000000000000000000000000000000000000
vAMM-WETH/XEX,0xa3B55fe09Dd0176BdD531fba7ACEDA3FE5Ad9320,vAMM,0xFc0728b24800994550481F9504aEEBDae6ec3988,0x5735B95Ad4fA22E14088D219Ca930b280515C7C2,0x67FE52D884561396CdD7907132F5a7b4beAA200C
vAMM-WETH/YFX,0xbB5DCead8EEc05d5629DDD67782de2ce6AC21Be2,vAMM,0x0000000000000000000000000000000000000000,0x0000000000000000000000000000000000000000,0x0000000000000000000000000000000000000000
sAMM-USDC/USDC,0x0e9864c5EA91B79545aB8ceEd3589cbb4D5Bcf0A,sAMM,0xda373688D872AfAA89Af779E97a80bCfF1aD0ee6,0x4944F01eF6090Ab2807B086923245a5909A07d94,0x5A8F52e515B6e0Ed2E95d33F0Fa0C81f58eE31bd
vAMM-QI/USDT,0x8d5f9D014132b728f351aE790F0E671b5BC54355,vAMM,0x0000000000000000000000000000000000000000,0x0000000000000000000000000000000000000000,0x0000000000000000000000000000000000000000
sAMM-WETH/ACS,0x5FEbC96CFB31be307B356a21767299c06EEb5A4F,sAMM,0x0000000000000000000000000000000000000000,0x0000000000000000000000000000000000000000,0x0000000000000000000000000000000000000000
vAMM-WETH/ACS,0x31440D82F14e36Be8EDE9E47137E3dfFEEf32C51,vAMM,0x9de9ab6794Cc3D5aCCcFA4b7C93F9147067fc0a1,0x647272F60A3d445ebE13B45b398207F0f70Bee96,0x5d9B97fa1d1589b9062dA9144090D68b9Bc08cAc
sAMM-CHR/LINK,0x3EFc05183c783934707723417f3A1D536E43C7a9,sAMM,0x0000000000000000000000000000000000000000,0x0000000000000000000000000000000000000000,0x0000000000000000000000000000000000000000
sAMM-pUSD/gDAI,0x01d0C8a976080903E9cA06a650b52fc83cad79e4,sAMM,0xb00C74691929B3801A7268dc944B8ca27FA1f9dF,0xdfe19eaB1a1881e357Ba6FE5De2B73825001052c,0x60D87c9368849CeCD4aF57f287Af28930E0e07A8
vAMM-PRISM/WETH,0x29DfcA2669bf5ad3896969672e33caD5a3aF836c,vAMM,0xaCF5d7D4F70AF844AAE035846eC496E07E6e1f0E,0xD15128667a8AdC650c317545823a1Ad2C26F2Fa7,0xfE78484406159E25258DbABde89Be52079059474
vAMM-T/WETH,0x912197ef74215BCCDbBdB6f4E965eF165007be9B,vAMM,0x0000000000000000000000000000000000000000,0x0000000000000000000000000000000000000000,0x0000000000000000000000000000000000000000
vAMM-Lqdr/WETH,0x49Fd7cEfE4C34007Bb6592897ddedAd6E17aBa54,vAMM,0x378045724873edF980dA99b76246b23a6f573f21,0x3D4ecfA0e62c912e1d3F72AC1C5e2FB227baD2AE,0xbdF475Adb2B476187859A68455671383883840C3
vAMM-TAROT/USDC,0xcF05E616c0419bA256bae80838d43FfCAe77c313,vAMM,0x0000000000000000000000000000000000000000,0x0000000000000000000000000000000000000000,0x0000000000000000000000000000000000000000
sAMM-TAROT/USDC,0xE96d41Ff7eD997C9087b03D1Da5c8f951B68f34d,sAMM,0x0000000000000000000000000000000000000000,0x0000000000000000000000000000000000000000,0x0000000000000000000000000000000000000000
sAMM-CHR/USDC,0xAB07fF1051E86eAC96D7036a31e87e0B15FB6965,sAMM,0x0000000000000000000000000000000000000000,0x0000000000000000000000000000000000000000,0x0000000000000000000000000000000000000000
vAMM-CHR/WAR,0x74A74661135040684dAe4bD5C23821DDe448E5a3,vAMM,0x0000000000000000000000000000000000000000,0x0000000000000000000000000000000000000000,0x0000000000000000000000000000000000000000
